Alloy_Name,B,C,N,Mg,Al,Si,P,S,Ti,V,Cr,Mn,Fe,Co,Ni,Cu,Y,Nb,Mo,Ce,Gd,Ta,W,Re,Electrolyte,Cl_M,pH,Temp_C,Test_Method,Ref_Electrode,E_corr_mV,I_corr_uA_per_cm2,ba_mV_per_dec,bc_mV_per_dec,CR_um_per_y,Paper_Name,DOI,Notes
,0.0,,,,10.5,,,,0.0,0.0,20.2,,21.7,22.9,0.0,24.7,,0.0,0.0,0.0,,0.0,0.0,0.0,0.6M NaCl,0.6,7.0,25.0,polarization,SCE,-264.0,0.967,,,,"Y. Qiu, M.A. Gibson, H.L. Fraser & N. Birbilis.  Materials Science and Technology, 31:10 (2015), 1235-1243.",﻿10.1179/1743284715Y.0000000026,Material class: HEA; Scan Rate: 1; Microstructures: FCC and BCC; Method: Anodic (EC-Lab) ; Comments: None
,0.0,,,,28.0,,,,49.0,11.0,0.0,,8.0,0.0,4.0,,,0.0,0.0,0.0,,0.0,0.0,0.0,0.6M NaCl,0.6,7.0,25.0,polarization,SCE,-388.0,0.037,,,,"Y. Qiu, M.A. Gibson, H.L. Fraser & N. Birbilis.  Materials Science and Technology, 31:10 (2015), 1235-1243.",﻿10.1179/1743284715Y.0000000026,Material class: HEA; Scan Rate: 1; Method: Anodic (EC-Lab) ; Comments: None
,0.0,,,,13.0,14.0,,,23.0,25.0,25.0,,0.0,0.0,0.0,,,0.0,0.0,0.0,,0.0,0.0,0.0,0.6M NaCl,0.6,7.0,25.0,polarization,SCE,-498.0,0.168,,,,"Y. Qiu, M.A. Gibson, H.L. Fraser & N. Birbilis.  Materials Science and Technology, 31:10 (2015), 1235-1243.",﻿10.1179/1743284715Y.0000000026,Material class: HEA; Scan Rate: 1; Method: Anodic (EC-Lab) ; Comments: None
,0.0,,,,9.0,,,,0.0,0.0,21.0,,22.0,24.0,24.0,,,0.0,0.0,0.0,,0.0,0.0,0.0,0.6M NaCl,0.6,7.0,25.0,polarization,SCE,-217.0,0.093,,,,"Y. Qiu, M.A. Gibson, H.L. Fraser & N. Birbilis.  Materials Science and Technology, 31:10 (2015), 1235-1243.",﻿10.1179/1743284715Y.0000000026,Material class: HEA; Scan Rate: 1; Microstructures: FCC and BCC; Method: Anodic (EC-Lab) ; Comments: None
,0.0,,,,0.0,,,,0.0,0.0,23.0,,25.0,26.0,26.0,,,0.0,0.0,0.0,,0.0,0.0,0.0,0.6M NaCl,0.6,7.0,25.0,polarization,SCE,-304.0,0.61,,,,"Y. Qiu, M.A. Gibson, H.L. Fraser & N. Birbilis.  Materials Science and Technology, 31:10 (2015), 1235-1243.",﻿10.1179/1743284715Y.0000000026,Material class: HEA; Scan Rate: 1; Microstructures: FCC and Intermetallic Compound rich in Cr; Method: Anodic (EC-Lab) ; Comments: None
,0.0,,,,0.0,,,,8.0,0.0,21.0,,23.0,24.0,24.0,,,0.0,0.0,0.0,,0.0,0.0,0.0,0.6M NaCl,0.6,7.0,25.0,polarization,SCE,-273.0,0.036,,,,"Y. Qiu, M.A. Gibson, H.L. Fraser & N. Birbilis.  Materials Science and Technology, 31:10 (2015), 1235-1243.",﻿10.1179/1743284715Y.0000000026,Material class: HEA; Scan Rate: 1; Method: Anodic (EC-Lab) ; Comments: None
,0.0,,,,4.5,,,,0.0,0.0,17.2,,18.5,19.5,19.4,21.0,,0.0,0.0,0.0,,0.0,0.0,0.0,Deaerated 1N H2SO4,0.0,0.0,25.0,Polarization,SCE,-356.0,787.0,,,,"C.P. Lee, Y.Y. Chen, C.Y.Hsu, J.W.Yeh, and H.C. Shih. Journal of The Electrochemical Society,154 (8) (2007),  C424-C430.",﻿10.1149/1.2744133,"Material class: HEA; Scan Rate: 1; Microstructures: FCC; Method: Cyclic, Anodic (Autolab), Nyquist Curves; Oxide: Cr2O3; Comments: None"
,0.7,,,,4.4,,,,0.0,0.0,17.1,,18.3,19.3,19.3,20.9,,0.0,0.0,0.0,,0.0,0.0,0.0,Deaerated 1N H2SO4,0.0,0.0,25.0,Polarization,SCE,-362.0,1025.0,,,,"C.P. Lee, Y.Y. Chen, C.Y.Hsu, J.W.Yeh, and H.C. Shih. Journal of The Electrochemical Society,154 (8) (2007),  C424-C430.",﻿10.1149/1.2744133,"Material class: HEA; Scan Rate: 1; Microstructures: FCC and Borides; Method: Anodic (Autolab), Nyquist Curves; Oxide: Cr2O3; Comments: None"
,2.1,,,,4.4,,,,0.0,0.0,16.8,,18.1,19.1,19.0,20.6,,0.0,0.0,0.0,,0.0,0.0,0.0,Deaerated 1N H2SO4,0.0,0.0,25.0,Polarization,SCE,-389.0,2626.0,,,,"C.P. Lee, Y.Y. Chen, C.Y.Hsu, J.W.Yeh, and H.C. Shih. Journal of The Electrochemical Society,154 (8) (2007),  C424-C430.",﻿10.1149/1.2744133,"Material class: HEA; Scan Rate: 1; Microstructures: FCC and Borides; Method: Anodic (Autolab), Nyquist Curves; Oxide: Cr2O3; Comments: None"
,3.5,,,,4.3,,,,0.0,0.0,16.6,,17.8,18.8,18.7,20.3,,0.0,0.0,0.0,,0.0,0.0,0.0,Deaerated 1N H2SO4,0.0,0.0,25.0,Polarization,SCE,-400.0,2848.0,,,,"C.P. Lee, Y.Y. Chen, C.Y.Hsu, J.W.Yeh, and H.C. Shih. Journal of The Electrochemical Society,154 (8) (2007),  C424-C430.",﻿10.1149/1.2744133,"Material class: HEA; Scan Rate: 1; Microstructures: FCC and Borides; Method: Anodic (Autolab), Nyquist Curves; Oxide: Cr2O3; Comments: None"
,0.0,,,,0.0,,,,0.0,0.0,25.12,,24.58,24.9,25.92,,,0.0,0.0,0.0,,0.0,0.0,0.0,3.5% NaCl,0.6128,7.0,25.0,"polarization, immersion",SCE,-260.0,0.0315,,,0.762,"Yu-Jui Hsu, Wen-Chi Chiang, and Jiann-Kuo Wu. Materials Chemistry and Physics,92 (2005) , 112-117",﻿10.1016/j.matchemphys.2005.01.001,"TF Rate(mm/y): 3.310e-04; Material class: HEA; Scan Rate: 1; Microstructures: Cu rich FCC; Method: Anodic (Luggin Probe), Weight LossWL, Tafel and Faraday's lawTF; Comments: None"
,0.0,,,,0.0,,,,0.0,0.0,16.48,,20.47,23.99,25.48,13.49,,0.0,0.0,0.0,,0.0,0.0,0.0,3.5% NaCl,0.6128,7.0,25.0,"polarization, immersion",SCE,-290.0,0.723,,,8.89,"Yu-Jui Hsu, Wen-Chi Chiang, and Jiann-Kuo Wu. Materials Chemistry and Physics,92 (2005) , 112-117",﻿10.1016/j.matchemphys.2005.01.001,"TF Rate(mm/y): 7.460e-03; Material class: HEA; Scan Rate: 1; Microstructures: Cu rich FCC; Method: Anodic (Luggin Probe), Weight LossWL, Tafel and Faraday's lawTF; Comments: None"
,0.0,,,,0.0,,,,0.0,0.0,16.25,,18.78,21.5,21.78,21.69,,0.0,0.0,0.0,,0.0,0.0,0.0,3.5% NaCl,0.6128,7.0,25.0,"polarization, immersion",SCE,-330.0,1.32,,,11.4,"Yu-Jui Hsu, Wen-Chi Chiang, and Jiann-Kuo Wu. Materials Chemistry and Physics,92 (2005) , 112-117",﻿10.1016/j.matchemphys.2005.01.001,"TF Rate(mm/y): 1.370e-02; Material class: HEA; Scan Rate: 1; Microstructures: Cu rich FCC; Method: Anodic (Luggin Probe), Weight LossWL, Tafel and Faraday's lawTF; Comments: None"
,0.0,0.03,,,8.63,8.99,0.006,0.003,0.0,0.0,16.65,,17.87,18.86,18.79,10.17,,0.0,0.0,0.0,,0.0,0.0,0.0,Deaerated 0.1M NaCl,0.1,7.0,25.0,polarization,SCE,10.0,0.178,,,1.3,"Y.Y. Chen, T. Duval, U.D. Hung, J.W. Yeh, H.C. Shih. Corrosion Science, 47 (2005), 2257-2279",﻿10.1016/j.corsci.2004.11.008,"Material class: HEA; Scan Rate: 1; Microstructures: BCC with some amorphous structure; Method: Anodic (EG&G model 273),Faradays law; Comments: None"
,0.0,0.03,,,8.63,8.99,0.006,0.003,0.0,0.0,16.65,,17.87,18.86,18.79,10.17,,0.0,0.0,0.0,,0.0,0.0,0.0,Deaerated 1 M NaCl,1.0,7.4,25.0,polarization,SCE,-530.0,3.16,,,23.9,"Y.Y. Chen, T. Duval, U.D. Hung, J.W. Yeh, H.C. Shih. Corrosion Science, 47 (2005), 2257-2279",﻿10.1016/j.corsci.2004.11.008,"Material class: HEA; Scan Rate: 1; Microstructures: BCC with some amorphous structure; Method: Anodic (EG&G model 273),Faradays law; Comments: None"
,0.0,0.03,,,8.63,8.99,0.006,0.003,0.0,0.0,16.65,,17.87,18.86,18.79,10.17,,0.0,0.0,0.0,,0.0,0.0,0.0,Deaerated 0.1M H2SO4,0.0,1.0,25.0,polarization,SCE,-60.0,10.7,,,81.0,"Y.Y. Chen, T. Duval, U.D. Hung, J.W. Yeh, H.C. Shih. Corrosion Science, 47 (2005), 2257-2279",﻿10.1016/j.corsci.2004.11.008,"Material class: HEA; Scan Rate: 1; Microstructures: BCC with some amorphous structure; Method: Anodic (EG&G model 273),Faradays law; Comments: None"
,0.0,0.03,,,8.63,8.99,0.006,0.003,0.0,0.0,16.65,,17.87,18.86,18.79,10.17,,0.0,0.0,0.0,,0.0,0.0,0.0,Deaerated 1N H2SO4,0.0,0.5,25.0,polarization,SCE,-170.0,251.0,,,1899.6,"Y.Y. Chen, T. Duval, U.D. Hung, J.W. Yeh, H.C. Shih. Corrosion Science, 47 (2005), 2257-2279",﻿10.1016/j.corsci.2004.11.008,"Material class: HEA; Scan Rate: 1; Microstructures: BCC with some amorphous structure; Method: Anodic (EG&G model 273),Faradays law; Comments: None"
,0.0,,,,5.6,,,,0.0,0.0,21.8,,23.4,24.7,24.6,,,0.0,0.0,0.0,,0.0,0.0,0.0,3.5% NaCl,0.6128,7.0,25.0,polarization,SCE,-560.0,6.4,,,,"Chun-Ming Lin and Hsien-Lung Tsai. Intermetallics, 19 (2011), 288-294.",﻿10.1016/j.intermet.2010.10.008,Material class: HEA; Scan Rate: 1; Heat treatment: Aged in Ar for 24 hrs @ 350C; Microstructures: FCC and BCC; Method: Anodic; Comments: None
,0.0,,,,5.6,,,,0.0,0.0,21.8,,23.4,24.7,24.6,,,0.0,0.0,0.0,,0.0,0.0,0.0,3.5% NaCl,0.6128,7.0,25.0,polarization,SCE,-300.0,1.58,,,,"Chun-Ming Lin and Hsien-Lung Tsai. Intermetallics, 19 (2011), 288-294.",﻿10.1016/j.intermet.2010.10.008,Material class: HEA; Scan Rate: 1; Heat treatment: Aged in Ar for 24 hrs @ 500C; Microstructures: FCC and BCC; Method: Anodic; Comments: None
,0.0,,,,5.6,,,,0.0,0.0,21.8,,23.4,24.7,24.6,,,0.0,0.0,0.0,,0.0,0.0,0.0,3.5% NaCl,0.6128,7.0,25.0,polarization,SCE,-40.0,0.529,,,,"Chun-Ming Lin and Hsien-Lung Tsai. Intermetallics, 19 (2011), 288-294.",﻿10.1016/j.intermet.2010.10.008,Material class: HEA; Scan Rate: 1; Heat treatment: Aged in Ar for 24 hrs @ 650C; Microstructures: FCC and BCC; Method: Anodic; Comments: None
,0.0,,,,5.6,,,,0.0,0.0,21.8,,23.4,24.7,24.6,,,0.0,0.0,0.0,,0.0,0.0,0.0,3.5% NaCl,0.6128,7.0,25.0,polarization,SCE,-640.0,0.305,,,,"Chun-Ming Lin and Hsien-Lung Tsai. Intermetallics, 19 (2011), 288-294.",﻿10.1016/j.intermet.2010.10.008,Material class: HEA; Scan Rate: 1; Heat treatment: Aged in Ar for 24 hrs @ 950C; Microstructures: FCC and BCC; Method: Anodic; Comments: None
,0.0,,,,5.6,,,,0.0,0.0,21.8,,23.4,24.7,24.6,,,0.0,0.0,0.0,,0.0,0.0,0.0,3.5% NaCl,0.6128,7.0,25.0,polarization,SCE,-540.0,2.22,,,,"Chun-Ming Lin and Hsien-Lung Tsai. Intermetallics, 19 (2011), 288-294.",﻿10.1016/j.intermet.2010.10.008,Material class: HEA; Scan Rate: 1; Heat treatment: Aged in Ar for 24 hrs @ 800C; Microstructures: FCC and BCC; Method: Anodic; Comments: None
,0.0,,,,0.0,,,,0.0,0.0,23.74,,23.99,27.12,25.14,,,0.0,0.0,0.0,,0.0,0.0,0.0,Deaerated 0.5M H2SO4,0.0,0.0,25.0,polarization,SCE,-322.0,15.8,,,,"Yih-Farn Kao, Tsung-Dar Lee, Swe-Kai Chen, and Yee-Shyi Chang. Corrosion Science, 52 (2010), 1026-1034",﻿10.1016/j.corsci.2009.11.028,"Material class: HEA; ipass: 4.5e-06; Scan Rate: 1; Method: Anodic, Tafel ; Comments: None"
,0.0,,,,3.05,,,,0.0,0.0,22.48,,24.15,25.14,25.18,,,0.0,0.0,0.0,,0.0,0.0,0.0,Deaerated 0.5M H2SO5,0.0,0.0,25.0,polarization,SCE,-336.0,16.7,,,,"Yih-Farn Kao, Tsung-Dar Lee, Swe-Kai Chen, and Yee-Shyi Chang. Corrosion Science, 52 (2010), 1026-1034",﻿10.1016/j.corsci.2009.11.028,"Material class: HEA; ipass: 7.1e-06; Scan Rate: 1; Method: Anodic, Tafel ; Comments: None"
,0.0,,,,5.59,,,,0.0,0.0,22.13,,22.8,25.25,24.22,,,0.0,0.0,0.0,,0.0,0.0,0.0,Deaerated 0.5M H2SO6,0.0,0.0,25.0,polarization,SCE,-325.0,13.4,,,,"Yih-Farn Kao, Tsung-Dar Lee, Swe-Kai Chen, and Yee-Shyi Chang. Corrosion Science, 52 (2010), 1026-1034",﻿10.1016/j.corsci.2009.11.028,"Material class: HEA; ipass: 6.4e-06; Scan Rate: 1; Method: Anodic, Tafel ; Comments: None"
,0.0,,,,10.02,,,,0.0,0.0,21.11,,21.99,23.84,23.03,,,0.0,0.0,0.0,,0.0,0.0,0.0,Deaerated 0.5M H2SO7,0.0,0.0,25.0,polarization,SCE,-335.0,13.1,,,,"Yih-Farn Kao, Tsung-Dar Lee, Swe-Kai Chen, and Yee-Shyi Chang. Corrosion Science, 52 (2010), 1026-1034",﻿10.1016/j.corsci.2009.11.028,"Material class: HEA; ipass: 1.39e-05; Scan Rate: 1; Method: Anodic, Tafel ; Comments: None"
,0.0,,,,0.0,,,,7.77,0.0,16.87,,18.12,28.68,28.56,,,0.0,0.0,0.0,,0.0,0.0,0.0,Deaerated 0.5M H2SO4,0.0,0.0,25.0,Polarization,SCE,-333.0,30.0,,,,"Y.L.Chou, J.W.Yeh, and H.C. Shih. Corrosion Science, 52 (2010),2571-2581",﻿10.1016/j.corsci.2010.04.004,"Material class: HEA; ipass: 9e-06; Scan Rate: 1; Microstructures: FCC; Method: Cyclic, Anodic (Autolab); Comments: None"
,0.0,,,,0.0,,,,7.53,0.0,16.36,,17.57,27.81,27.7,,,0.0,3.02,0.0,,0.0,0.0,0.0,Deaerated 0.5M H2SO5,0.0,0.0,25.0,Polarization,SCE,-312.0,78.0,,,,"Y.L.Chou, J.W.Yeh, and H.C. Shih. Corrosion Science, 52 (2010),2571-2581",﻿10.1016/j.corsci.2010.04.004,"Material class: HEA; ipass: 9e-06; Scan Rate: 1; Microstructures: FCC; Method: Cyclic, Anodic (Autolab); Comments: None"
,0.0,,,,0.0,,,,6.72,0.0,14.6,,15.68,24.82,24.72,,,0.0,13.47,0.0,,0.0,0.0,0.0,Deaerated 0.5M H2SO6,0.0,0.0,25.0,Polarization,SCE,-305.0,72.0,,,,"Y.L.Chou, J.W.Yeh, and H.C. Shih. Corrosion Science, 52 (2010),2571-2581",﻿10.1016/j.corsci.2010.04.004,"Material class: HEA; ipass: 1.1e-05; Scan Rate: 1; Microstructures: FCC and sigma phase; Method: Cyclic, Anodic (Autolab); Comments: None"
,0.0,,,,0.0,,,,6.22,0.0,13.51,,14.51,22.96,22.87,,,0.0,19.94,0.0,,0.0,0.0,0.0,Deaerated 0.5M H2SO7,0.0,0.0,25.0,Polarization,SCE,-311.0,69.0,,,,"Y.L.Chou, J.W.Yeh, and H.C. Shih. Corrosion Science, 52 (2010),2571-2581",﻿10.1016/j.corsci.2010.04.004,"Material class: HEA; ipass: 2.2e-05; Scan Rate: 1; Microstructures: FCC and sigma phase; Method: Cyclic, Anodic (Autolab); Comments: None"
,0.0,,,,0.0,,,,7.77,0.0,16.87,,18.12,28.68,28.56,,,0.0,0.0,0.0,,0.0,0.0,0.0,Deaerated 1M NaOH,0.0,14.0,25.0,Polarization,SCE,-787.0,0.09,,,,"Y.L.Chou, J.W.Yeh, and H.C. Shih. Corrosion Science, 52 (2010),2571-2581",﻿10.1016/j.corsci.2010.04.004,"Material class: HEA; Scan Rate: 1; Microstructures: FCC; Method: Cyclic, Anodic (Autolab); Comments: None"
,0.0,,,,0.0,,,,7.53,0.0,16.36,,17.57,27.81,27.7,,,0.0,3.02,0.0,,0.0,0.0,0.0,Deaerated 1M NaOH,0.0,14.0,25.0,Polarization,SCE,-620.0,0.11,,,,"Y.L.Chou, J.W.Yeh, and H.C. Shih. Corrosion Science, 52 (2010),2571-2581",﻿10.1016/j.corsci.2010.04.004,"Material class: HEA; Scan Rate: 1; Microstructures: FCC; Method: Cyclic, Anodic (Autolab); Comments: None"
,0.0,,,,0.0,,,,6.72,0.0,14.6,,15.68,24.82,24.72,,,0.0,13.47,0.0,,0.0,0.0,0.0,Deaerated 1M NaOH,0.0,14.0,25.0,Polarization,SCE,-898.0,0.16,,,,"Y.L.Chou, J.W.Yeh, and H.C. Shih. Corrosion Science, 52 (2010),2571-2581",﻿10.1016/j.corsci.2010.04.004,"Material class: HEA; Scan Rate: 1; Microstructures: FCC and sigma phase; Method: Cyclic, Anodic (Autolab); Comments: None"
,0.0,,,,0.0,,,,6.22,0.0,13.51,,14.51,22.96,22.87,,,0.0,19.94,0.0,,0.0,0.0,0.0,Deaerated 1M NaOH,0.0,14.0,25.0,Polarization,SCE,-830.0,0.25,,,,"Y.L.Chou, J.W.Yeh, and H.C. Shih. Corrosion Science, 52 (2010),2571-2581",﻿10.1016/j.corsci.2010.04.004,"Material class: HEA; Scan Rate: 1; Microstructures: FCC and sigma phase; Method: Cyclic, Anodic (Autolab); Comments: None"
,0.0,,,,0.0,,,,7.77,0.0,16.87,,18.12,28.68,28.56,,,0.0,0.0,0.0,,0.0,0.0,0.0,Deaerated 1M NaCl,1.0,7.0,25.0,Polarization,SCE,-684.0,0.57,,,,"Y.L.Chou, J.W.Yeh, and H.C. Shih. Corrosion Science, 52 (2010),2571-2581",﻿10.1016/j.corsci.2010.04.004,"Material class: HEA; ipass: 1.46e-06; Scan Rate: 1; Microstructures: FCC; Method: Cyclic, Anodic (Autolab); Comments: None"
,0.0,,,,0.0,,,,7.53,0.0,16.36,,17.57,27.81,27.7,,,0.0,3.02,0.0,,0.0,0.0,0.0,Deaerated 1M NaCl,1.0,7.0,25.0,Polarization,SCE,-622.0,0.13,,,,"Y.L.Chou, J.W.Yeh, and H.C. Shih. Corrosion Science, 52 (2010),2571-2581",﻿10.1016/j.corsci.2010.04.004,"Material class: HEA; ipass: 3.8e-06; Scan Rate: 1; Microstructures: FCC; Method: Cyclic, Anodic (Autolab); Comments: None"
,0.0,,,,0.0,,,,6.72,0.0,14.6,,15.68,24.82,24.72,,,0.0,13.47,0.0,,0.0,0.0,0.0,Deaerated 1M NaCl,1.0,7.0,25.0,Polarization,SCE,-734.0,0.2,,,,"Y.L.Chou, J.W.Yeh, and H.C. Shih. Corrosion Science, 52 (2010),2571-2581",﻿10.1016/j.corsci.2010.04.004,"Material class: HEA; ipass: 4.1e-06; Scan Rate: 1; Microstructures: FCC and sigma phase; Method: Cyclic, Anodic (Autolab); Comments: None"
,0.0,,,,0.0,,,,6.22,0.0,13.51,,14.51,22.96,22.87,,,0.0,19.94,0.0,,0.0,0.0,0.0,Deaerated 1M NaCl,1.0,7.0,25.0,Polarization,SCE,-792.0,0.41,,,,"Y.L.Chou, J.W.Yeh, and H.C. Shih. Corrosion Science, 52 (2010),2571-2581",﻿10.1016/j.corsci.2010.04.004,"Material class: HEA; ipass: 5.11e-06; Scan Rate: 1; Microstructures: FCC and sigma phase; Method: Cyclic, Anodic (Autolab); Comments: None"
,6.0,,,,14.0,16.0,,,0.0,0.0,0.0,,31.0,0.0,33.0,,,0.0,0.0,0.0,,0.0,0.0,0.0,Sea Water 1:30,,7.2,25.0,"polarization,immersion",SCE,-922.0,10.0,,,,"Hong-lei Wang, Tai-Xiu Gao, Jia-zheng Niu, Pei-jian Shi, Jing Xu, and Yan Wang. International Journal of Minerals, Metallury, and Materials, 23 (1) (2016), 77-82.",﻿10.1007/s12613-016-1213-4,"Material class: HEA; Scan Rate: 3; Heat treatment: as-milled powders consolidated by SPS @520C for 10 min, heating rate 40C/min, 80MPa in Ar, cooled freely; Microstructures: FCC and BCC; Method: Anodic, Mass Loss; Comments: None"
,6.0,,,,14.0,16.0,,,0.0,0.0,0.0,,31.0,0.0,33.0,,,0.0,0.0,0.0,,0.0,0.0,0.0,Sea Water 1:30,,7.2,25.0,"polarization,immersion",SCE,-272.0,10.0,,,,"Hong-lei Wang, Tai-Xiu Gao, Jia-zheng Niu, Pei-jian Shi, Jing Xu, and Yan Wang. International Journal of Minerals, Metallury, and Materials, 23 (1) (2016), 77-82.",﻿10.1007/s12613-016-1213-4,"Material class: HEA; Scan Rate: 3; Heat treatment: as-milled powders consolidated by SPS @1080C for 10 min, heating rate 40C/min, 80MPa in Ar, cooled freely; Microstructures: FCC and BCC; Method: Anodic, Mass Loss; Comments: None"
,0.0,,,,0.0,,,,0.0,0.0,23.63,24.99,38.03,0.0,13.33,,,0.0,0.0,0.0,,0.0,0.0,0.0,Deaerated 0.5M H2SO4,0.0,0.0,25.0,polarization,SCE,-470.0,686.0,,,,"C.P. Lee, C.C. Chang, Y.Y. Chen, J.W. Yeh, and H.C. Shih. Corrosion Science, 50 (2008) 2053-2060.",﻿10.1016/j.corsci.2008.04.011,"Material class: HEA; ipass: 3.14e-05; Scan Rate: 1; Microstructures: FCC and alpha FeCr; Method: Cyclic, Anodic (Autolab), EIS; Comments: None"
,0.0,,,,3.55,,,,0.0,0.0,22.79,24.1,36.68,0.0,12.86,,,0.0,0.0,0.0,,0.0,0.0,0.0,Deaerated 0.5M H2SO5,0.0,0.0,25.0,polarization,SCE,-435.0,2390.0,,,,"C.P. Lee, C.C. Chang, Y.Y. Chen, J.W. Yeh, and H.C. Shih. Corrosion Science, 50 (2008) 2053-2060.",﻿10.1016/j.corsci.2008.04.011,"Material class: HEA; ipass: 7.39e-05; Scan Rate: 1; Microstructures: FCC and BCC; Method: Cyclic, Anodic (Autolab), EIS; Comments: None"
,0.0,,,,5.0,,,,0.0,0.0,22.26,23.54,35.83,0.0,12.56,,,0.0,0.0,0.0,,0.0,0.0,0.0,Deaerated 0.5M H2SO6,0.0,0.0,25.0,polarization,SCE,-447.0,5080.0,,,,"C.P. Lee, C.C. Chang, Y.Y. Chen, J.W. Yeh, and H.C. Shih. Corrosion Science, 50 (2008) 2053-2060.",﻿10.1016/j.corsci.2008.04.011,"Material class: HEA; ipass: 6.82e-05; Scan Rate: 1; Microstructures: BCC; Method: Cyclic, Anodic (Autolab), EIS; Comments: None"
,0.0,,,,0.0,,,,0.0,0.0,23.0,,25.0,26.0,26.0,,,0.0,0.0,0.0,,0.0,0.0,0.0,0.1M NaCl,0.1,7.0,25.0,polarization,SCE,-269.0,0.04,,,,"Shang, X., et al. (2018). Science China Technological Sciences 61(2): 189-196",﻿10.1007/s11431-017-9114-1,Material class: HEA; Scan Rate: 1; Method: Tafel; Oxide: Cr2O3; Comments: None
,0.0,,,,0.0,,,,0.0,0.0,23.0,,25.0,26.0,26.0,,,0.0,0.0,0.0,,0.0,0.0,0.0,0.1M HCl,0.1,1.0,25.0,polarization,SCE,-222.0,208.0,,,,"Shang, X., et al. (2018). Science China Technological Sciences 61(2): 189-196",﻿10.1007/s11431-017-9114-1,Material class: HEA; Scan Rate: 1; Method: Tafel; Comments: None
,0.0,,,,3.5,,,,0.0,0.0,22.3,,23.9,25.2,25.1,,,0.0,0.0,0.0,,0.0,0.0,0.0,3.5wt% NaCl,0.6128,7.0,25.0,polarization,SCE,-180.0,0.0289,,,,"Shi, Y., et al. (2018). Corrosion Science 133: 120-131",﻿10.1016/j.corsci.2018.01.030,"Material class: HEA; ipass: 8.1e-07; Scan Rate: 1.67; Heat treatment: Annealed at 1250C for 1000hr, water quenched; Microstructures: FCC; Method: Tafel; Comments: None"
,0.0,,,,5.6,,,,0.0,0.0,21.8,,23.4,24.7,24.6,,,0.0,0.0,0.0,,0.0,0.0,0.0,3.5wt% NaCl,0.6128,7.0,25.0,polarization,SCE,-228.0,0.0714,,,,"Shi, Y., et al. (2018). Corrosion Science 133: 120-131",﻿10.1016/j.corsci.2018.01.030,"Material class: HEA; ipass: 1.24e-06; Scan Rate: 1.67; Heat treatment: Annealed at 1250C for 1000hr, water quenched; Microstructures: FCC, disordered BCC, Ordered BCC; Method: Tafel; Comments: None"
,0.0,,,,7.7,,,,0.0,0.0,21.3,,22.9,24.1,24.0,,,0.0,0.0,0.0,,0.0,0.0,0.0,3.5wt% NaCl,0.6128,7.0,25.0,polarization,SCE,-258.0,0.267,,,,"Shi, Y., et al. (2018). Corrosion Science 133: 120-131",﻿10.1016/j.corsci.2018.01.030,"Material class: HEA; ipass: 2.03e-06; Scan Rate: 1.67; Heat treatment: Annealed at 1250C for 1000hr, water quenched; Microstructures: FCC, disordered BCC, Ordered BCC; Method: Tafel; Comments: None"
,0.0,0.0165,0.0011,,0.0,,,0.001,0.0,0.0,18.4,,19.98,20.67,40.84,,,0.0,0.0,0.0,,0.0,0.0,0.0,3.5wt% NaCl,0.6128,7.0,25.0,polarization,SCE,-290.0,0.129,,,52.0,"A.A. Rodriguez, J.H. Tylczak, M.C. Gao, P.D. Jablonski, M. Detrois, M. Ziomek-Moroz, J.A. Hawk, Advances in Materials Science and Engineering, 2018 (2018) 11.",﻿10.1155/2018/3016304,Material class: HEA; Scan Rate: 1; Method: Tafel; Comments: None
,0.0,0.016,0.0009,,0.0,,,0.001,0.0,0.0,16.95,,18.46,18.99,37.81,,,0.0,7.64,0.0,,0.0,0.0,0.0,3.5wt% NaCl,0.6128,7.0,25.0,polarization,SCE,-260.0,0.125,,,48.0,"A.A. Rodriguez, J.H. Tylczak, M.C. Gao, P.D. Jablonski, M. Detrois, M. Ziomek-Moroz, J.A. Hawk, Advances in Materials Science and Engineering, 2018 (2018) 11.",﻿10.1155/2018/3016304,Material class: HEA; Scan Rate: 1; Method: Tafel; Comments: None
Ni,,,,,,,,,,,,,,,99.9,,,,,,,,,,3.5% NaCl,0.5989,,25.0,Potentiodynamic,SCE,-288.0,0.139,129.0,-175.0,,Ni Corrosion Product Layer During Immersion in a 3.5% NaCl Solution: Electrochemical and XPS Characterization,10.4152/pea.201703127,
Ni,,,,,,,,,,,,,,,99.9,,,,,,,,,,3.5% NaCl,0.5989,,25.0,Potentiodynamic,SCE,-315.0,0.522,167.0,-154.0,,Ni Corrosion Product Layer During Immersion in a 3.5% NaCl Solution: Electrochemical and XPS Characterization,10.4152/pea.201703127,
Cu-10Ni,,,,,,1.67,,,,,,0.768,88.24,,9.27,,,,,,,,,,3.5% NaCl,0.5989,,25.0,Potentiodynamic,SCE,-287.9,45.91,80.7,-186.2,531.7,Comparative Study of Electrochemical Corrosion of Novel Designs of 90/10 and 70/30 Copper-Nickel Alloys in Brine Solutions,10.4152/pea.202003127,
Cu-10Ni,,,,,,1.67,,,,,,0.768,88.24,,9.27,,,,,,,,,,10% NaCl,1.7112,,25.0,Potentiodynamic,SCE,-321.2,119.94,115.2,-248.2,1389.0,Comparative Study of Electrochemical Corrosion of Novel Designs of 90/10 and 70/30 Copper-Nickel Alloys in Brine Solutions,10.4152/pea.202003127,
Cu-10Ni,,,,,,1.67,,,,,,0.768,88.24,,9.27,,,,,,,,,,15% NaCl,2.5667,,25.0,Potentiodynamic,SCE,-353.2,184.0,118.0,-400.2,2131.0,Comparative Study of Electrochemical Corrosion of Novel Designs of 90/10 and 70/30 Copper-Nickel Alloys in Brine Solutions,10.4152/pea.202003127,
Cu-30Ni,,,,,,0.023,,,,,,,69.53,,29.16,,,,,,,,,,3.5% NaCl,0.5989,,25.0,Potentiodynamic,SCE,-286.1,10.028,87.3,-128.9,116.0,Comparative Study of Electrochemical Corrosion of Novel Designs of 90/10 and 70/30 Copper-Nickel Alloys in Brine Solutions,10.4152/pea.202003127,
Cu-30Ni,,,,,,0.023,,,,,,,69.53,,29.16,,,,,,,,,,10% NaCl,1.7112,,25.0,Potentiodynamic,SCE,-348.6,29.209,97.7,-185.3,338.3,Comparative Study of Electrochemical Corrosion of Novel Designs of 90/10 and 70/30 Copper-Nickel Alloys in Brine Solutions,10.4152/pea.202003127,
Cu-30Ni,,,,,,0.023,,,,,,,69.53,,29.16,,,,,,,,,,15% NaCl,2.5667,,25.0,Potentiodynamic,SCE,-379.1,34.307,114.0,-416.6,397.4,Comparative Study of Electrochemical Corrosion of Novel Designs of 90/10 and 70/30 Copper-Nickel Alloys in Brine Solutions,10.4152/pea.202003127,
Cu-10Ni,,,,,,1.67,,,,,,0.768,88.24,,9.27,,,,,,,,,,3.5% NaCl,0.5989,,25.0,Potentiodynamic,SCE,-287.9,45.91,80.7,-186.2,531.7,Comparative Study of Electrochemical Corrosion of Novel Designs of 90/10 and 70/30 Copper-Nickel Alloys in Brine Solutions,10.4152/pea.202003127,
Cu-10Ni,,,,,,1.67,,,,,,0.768,88.24,,9.27,,,,,,,,,,3.5% NaCl,0.5989,,50.0,Potentiodynamic,SCE,-323.8,59.33,57.4,-57.9,687.3,Comparative Study of Electrochemical Corrosion of Novel Designs of 90/10 and 70/30 Copper-Nickel Alloys in Brine Solutions,10.4152/pea.202003127,
Cu-10Ni,,,,,,1.67,,,,,,0.768,88.24,,9.27,,,,,,,,,,3.5% NaCl,0.5989,,75.0,Potentiodynamic,SCE,-352.1,60.55,231.6,-175.1,701.4,Comparative Study of Electrochemical Corrosion of Novel Designs of 90/10 and 70/30 Copper-Nickel Alloys in Brine Solutions,10.4152/pea.202003127,
Cu-30Ni,,,,,,0.023,,,,,,,69.53,,29.16,,,,,,,,,,3.5% NaCl,0.5989,,25.0,Potentiodynamic,SCE,-286.1,10.028,87.3,-128.9,116.0,Comparative Study of Electrochemical Corrosion of Novel Designs of 90/10 and 70/30 Copper-Nickel Alloys in Brine Solutions,10.4152/pea.202003127,
Cu-30Ni,,,,,,0.023,,,,,,,69.53,,29.16,,,,,,,,,,3.5% NaCl,0.5989,,50.0,Potentiodynamic,SCE,-308.9,27.059,81.6,-137.1,313.4,Comparative Study of Electrochemical Corrosion of Novel Designs of 90/10 and 70/30 Copper-Nickel Alloys in Brine Solutions,10.4152/pea.202003127,
Cu-30Ni,,,,,,0.023,,,,,,,69.53,,29.16,,,,,,,,,,3.5% NaCl,0.5989,,75.0,Potentiodynamic,SCE,-337.4,28.663,80.1,-119.6,332.0,Comparative Study of Electrochemical Corrosion of Novel Designs of 90/10 and 70/30 Copper-Nickel Alloys in Brine Solutions,10.4152/pea.202003127,
Al72Cr15Ni13,,,,,55.74,,,,,,22.38,,,,21.89,,,,,,,,,,0.1M Na2SO4,,2.0,,Cyclic Potentiodynamic Polarization,SCE,-205.0,3.73,,,,On electrochemical corrosion of mechano-activated and thermally processed AlxCryNiz 2D decagonal quasicrystalline structures and crystalline approximants,10.1016/j.jmst.2024.06.001,"Heat treatment: 1035～C, Test at room temperature, i_corr=3.73 米A/cm2, E_corr=-0.16V, E_f=0.32V, E_b=1.04V"
Al72Cr15Ni13,,,,,55.74,,,,,,22.38,,,,21.89,,,,,,,,,,0.1M Na2SO4,,2.0,,Cyclic Potentiodynamic Polarization,SCE,-535.0,230.0,,,,On electrochemical corrosion of mechano-activated and thermally processed AlxCryNiz 2D decagonal quasicrystalline structures and crystalline approximants,10.1016/j.jmst.2024.06.001,"Untreated, 6h mechano-synthesized, Test at room temperature, i_corr=0.23 mA/cm2, E_corr=-0.49V"
Al86Cr12Ni2,,,,,75.8,,,,,,20.38,,,,3.83,,,,,,,,,,0.1M Na2SO4,,2.0,,Cyclic Potentiodynamic Polarization,SCE,-495.0,80.0,,,,On electrochemical corrosion of mechano-activated and thermally processed AlxCryNiz 2D decagonal quasicrystalline structures and crystalline approximants,10.1016/j.jmst.2024.06.001,"Untreated, Test at room temperature, i_corr=0.08 mA/cm2, E_corr=-0.45V, E_b=0.95V"
Al86Cr12Ni2,,,,,75.8,,,,,,20.38,,,,3.83,,,,,,,,,,0.1M Na2SO4,,2.0,,Cyclic Potentiodynamic Polarization,SCE,-505.0,69.3,,,,On electrochemical corrosion of mechano-activated and thermally processed AlxCryNiz 2D decagonal quasicrystalline structures and crystalline approximants,10.1016/j.jmst.2024.06.001,"Heat treatment: 445～C, Test at room temperature, i_corr=69.3 米A/cm2, E_corr=-0.46V, E_f=0.35V, E_b=0.76V"
Al86Cr12Ni2,,,,,75.8,,,,,,20.38,,,,3.83,,,,,,,,,,0.1M Na2SO4,,2.0,,Cyclic Potentiodynamic Polarization,SCE,-535.0,28.3,,,,On electrochemical corrosion of mechano-activated and thermally processed AlxCryNiz 2D decagonal quasicrystalline structures and crystalline approximants,10.1016/j.jmst.2024.06.001,"Heat treatment: 570～C, Test at room temperature, i_corr=28.3 米A/cm2, E_corr=-0.49V, E_f=0.35V, E_b=1.02V, E_rep=0.99V"
Al72Cr15Ni13,,,,,55.74,,,,,,22.38,,,,21.89,,,,,,,,,,3.5% NaCl,0.5989,8.5,,Cyclic Potentiodynamic Polarization,SCE,-535.0,1060.0,,,,On electrochemical corrosion of mechano-activated and thermally processed AlxCryNiz 2D decagonal quasicrystalline structures and crystalline approximants,10.1016/j.jmst.2024.06.001,"Untreated, Test at room temperature, i_corr=1.06 mA/cm2, E_corr=-0.49V, E_pit=-0.39V, E_rep=-0.55V"
Al72Cr15Ni13,,,,,55.74,,,,,,22.38,,,,21.89,,,,,,,,,,3.5% NaCl,0.5989,8.5,,Cyclic Potentiodynamic Polarization,SCE,-315.0,11.65,,,,On electrochemical corrosion of mechano-activated and thermally processed AlxCryNiz 2D decagonal quasicrystalline structures and crystalline approximants,10.1016/j.jmst.2024.06.001,"Heat treatment: 1035～C, Test at room temperature, i_corr=11.65 米A/cm2, E_corr=-0.27V, E_pit=0.18V, E_rep=-0.04V, i_rep=50.35 米A/cm2"
Al86Cr12Ni2,,,,,75.8,,,,,,20.38,,,,3.83,,,,,,,,,,3.5% NaCl,0.5989,8.5,,Cyclic Potentiodynamic Polarization,SCE,-585.0,750.0,,,,On electrochemical corrosion of mechano-activated and thermally processed AlxCryNiz 2D decagonal quasicrystalline structures and crystalline approximants,10.1016/j.jmst.2024.06.001,"Untreated, Test at room temperature, i_corr=0.75 mA/cm2, E_corr=-0.54V"
Al86Cr12Ni2,,,,,75.8,,,,,,20.38,,,,3.83,,,,,,,,,,3.5% NaCl,0.5989,8.5,,Cyclic Potentiodynamic Polarization,SCE,-605.0,246.4,,,,On electrochemical corrosion of mechano-activated and thermally processed AlxCryNiz 2D decagonal quasicrystalline structures and crystalline approximants,10.1016/j.jmst.2024.06.001,"Heat treatment: 445～C, Test at room temperature, i_corr=246.4 米A/cm2, E_corr=-0.56V"
Al86Cr12Ni2,,,,,75.8,,,,,,20.38,,,,3.83,,,,,,,,,,3.5% NaCl,0.5989,8.5,,Cyclic Potentiodynamic Polarization,SCE,-645.0,129.45,,,,On electrochemical corrosion of mechano-activated and thermally processed AlxCryNiz 2D decagonal quasicrystalline structures and crystalline approximants,10.1016/j.jmst.2024.06.001,"Heat treatment: 570～C, Test at room temperature, i_corr=129.45 米A/cm2, E_corr=-0.60V, i_rep=0.52 mA/cm2, E_rep=-0.45V"
Al72Cr15Ni13,,,,,55.74,,,,,,22.38,,,,21.89,,,,,,,,,,0.1M Na2SO4,,2.0,25.0,Cyclic Potentiodynamic Polarization,SCE,-205.0,3.73,,,,On electrochemical corrosion of mechano-activated and thermally processed AlxCryNiz 2D decagonal quasicrystalline structures and crystalline approximants,10.1016/j.jmst.2024.06.001,"Heat treatment: 1035～C, E_f=0.32V, E_b=1.04V"
Al72Cr15Ni13,,,,,55.74,,,,,,22.38,,,,21.89,,,,,,,,,,0.1M Na2SO4,,2.0,25.0,Cyclic Potentiodynamic Polarization,SCE,-535.0,230.0,,,,On electrochemical corrosion of mechano-activated and thermally processed AlxCryNiz 2D decagonal quasicrystalline structures and crystalline approximants,10.1016/j.jmst.2024.06.001,"Untreated, 6h mechano-synthesized"
Al86Cr12Ni2,,,,,75.8,,,,,,20.38,,,,3.83,,,,,,,,,,0.1M Na2SO4,,2.0,25.0,Cyclic Potentiodynamic Polarization,SCE,-495.0,80.0,,,,On electrochemical corrosion of mechano-activated and thermally processed AlxCryNiz 2D decagonal quasicrystalline structures and crystalline approximants,10.1016/j.jmst.2024.06.001,"Untreated, E_b=0.95V"
Al86Cr12Ni2,,,,,75.8,,,,,,20.38,,,,3.83,,,,,,,,,,0.1M Na2SO4,,2.0,25.0,Cyclic Potentiodynamic Polarization,SCE,-505.0,69.3,,,,On electrochemical corrosion of mechano-activated and thermally processed AlxCryNiz 2D decagonal quasicrystalline structures and crystalline approximants,10.1016/j.jmst.2024.06.001,"Heat treatment: 445～C, E_f=0.35V, E_b=0.76V"
Al86Cr12Ni2,,,,,75.8,,,,,,20.38,,,,3.83,,,,,,,,,,0.1M Na2SO4,,2.0,25.0,Cyclic Potentiodynamic Polarization,SCE,-535.0,28.3,,,,On electrochemical corrosion of mechano-activated and thermally processed AlxCryNiz 2D decagonal quasicrystalline structures and crystalline approximants,10.1016/j.jmst.2024.06.001,"Heat treatment: 570～C, E_f=0.35V, E_b=1.02V, E_rep=0.99V"
Al72Cr15Ni13,,,,,55.74,,,,,,22.38,,,,21.89,,,,,,,,,,3.5% NaCl,0.5989,8.5,25.0,Cyclic Potentiodynamic Polarization,SCE,-535.0,1060.0,,,,On electrochemical corrosion of mechano-activated and thermally processed AlxCryNiz 2D decagonal quasicrystalline structures and crystalline approximants,10.1016/j.jmst.2024.06.001,"Untreated, E_pit=-0.39V, E_rep=-0.55V"
Al72Cr15Ni13,,,,,55.74,,,,,,22.38,,,,21.89,,,,,,,,,,3.5% NaCl,0.5989,8.5,25.0,Cyclic Potentiodynamic Polarization,SCE,-315.0,11.65,,,,On electrochemical corrosion of mechano-activated and thermally processed AlxCryNiz 2D decagonal quasicrystalline structures and crystalline approximants,10.1016/j.jmst.2024.06.001,"Heat treatment: 1035～C, E_pit=0.18V, E_rep=-0.04V, i_rep=50.35 米A/cm2"
Al86Cr12Ni2,,,,,75.8,,,,,,20.38,,,,3.83,,,,,,,,,,3.5% NaCl,0.5989,8.5,25.0,Cyclic Potentiodynamic Polarization,SCE,-585.0,750.0,,,,On electrochemical corrosion of mechano-activated and thermally processed AlxCryNiz 2D decagonal quasicrystalline structures and crystalline approximants,10.1016/j.jmst.2024.06.001,Untreated
Al86Cr12Ni2,,,,,75.8,,,,,,20.38,,,,3.83,,,,,,,,,,3.5% NaCl,0.5989,8.5,25.0,Cyclic Potentiodynamic Polarization,SCE,-605.0,246.4,,,,On electrochemical corrosion of mechano-activated and thermally processed AlxCryNiz 2D decagonal quasicrystalline structures and crystalline approximants,10.1016/j.jmst.2024.06.001,Heat treatment: 445～C
Al86Cr12Ni2,,,,,75.8,,,,,,20.38,,,,3.83,,,,,,,,,,3.5% NaCl,0.5989,8.5,25.0,Cyclic Potentiodynamic Polarization,SCE,-645.0,129.45,,,,On electrochemical corrosion of mechano-activated and thermally processed AlxCryNiz 2D decagonal quasicrystalline structures and crystalline approximants,10.1016/j.jmst.2024.06.001,"Heat treatment: 570～C, i_rep=0.52 mA/cm2, E_rep=-0.45V"
DH36,,,,,0.73,1.18,,,0.02,,0.02,0.28,0.14,,,,,,,,,,,,1 wt% NaCl,0.1711,,25.0,Potentiodynamic,SCE,-519.2,13.7,40.6,-60.3,,Corrosion behavior and mechanism of DH36 steel under synergistic chloride and hydrogen ion influence,10.1007/s42452-026-08332-7,I_corr converted from 0.0137 mA/cm虏
DH36,,,,,0.73,1.18,,,0.02,,0.02,0.28,0.14,,,,,,,,,,,,3.5 wt% NaCl,0.5989,,25.0,Potentiodynamic,SCE,-551.7,17.3,56.9,-64.8,,Corrosion behavior and mechanism of DH36 steel under synergistic chloride and hydrogen ion influence,10.1007/s42452-026-08332-7,I_corr converted from 0.0173 mA/cm虏
DH36,,,,,0.73,1.18,,,0.02,,0.02,0.28,0.14,,,,,,,,,,,,5 wt% NaCl,0.8556,,25.0,Potentiodynamic,SCE,-573.6,19.5,53.1,-66.1,,Corrosion behavior and mechanism of DH36 steel under synergistic chloride and hydrogen ion influence,10.1007/s42452-026-08332-7,I_corr converted from 0.0195 mA/cm虏
DH36,,,,,0.73,1.18,,,0.02,,0.02,0.28,0.14,,,,,,,,,,,,7.5 wt% NaCl,1.2834,,25.0,Potentiodynamic,SCE,-587.8,27.9,67.9,-79.4,,Corrosion behavior and mechanism of DH36 steel under synergistic chloride and hydrogen ion influence,10.1007/s42452-026-08332-7,I_corr converted from 0.0279 mA/cm虏
DH36,,,,,0.73,1.18,,,0.02,,0.02,0.28,0.14,,,,,,,,,,,,3.5 wt% NaCl,0.5989,,25.0,Potentiodynamic,SCE,-630.3,31.7,36.5,-62.0,,Corrosion behavior and mechanism of DH36 steel under synergistic chloride and hydrogen ion influence,10.1007/s42452-026-08332-7,I_corr converted from 0.03168 mA/cm虏
DH36,,,,,0.73,1.18,,,0.02,,0.02,0.28,0.14,,,,,,,,,,,,3.5 wt% NaCl + 0.2 M HCl,0.7989,,25.0,Potentiodynamic,SCE,-627.2,44.5,42.3,-68.4,,Corrosion behavior and mechanism of DH36 steel under synergistic chloride and hydrogen ion influence,10.1007/s42452-026-08332-7,I_corr converted from 0.04454 mA/cm虏
DH36,,,,,0.73,1.18,,,0.02,,0.02,0.28,0.14,,,,,,,,,,,,3.5 wt% NaCl + 0.4 M HCl,0.9989,,25.0,Potentiodynamic,SCE,-615.2,56.3,45.8,-69.9,,Corrosion behavior and mechanism of DH36 steel under synergistic chloride and hydrogen ion influence,10.1007/s42452-026-08332-7,I_corr converted from 0.05625 mA/cm虏
DH36,,,,,0.73,1.18,,,0.02,,0.02,0.28,0.14,,,,,,,,,,,,3.5 wt% NaCl + 0.6 M HCl,1.1989,,25.0,Potentiodynamic,SCE,-574.5,63.8,67.9,-79.4,,Corrosion behavior and mechanism of DH36 steel under synergistic chloride and hydrogen ion influence,10.1007/s42452-026-08332-7,I_corr converted from 0.06381 mA/cm虏
Mild steel,,0.18,,,,0.65,,,,,0.2,0.35,0.2,,0.15,0.2,,,0.08,,,,,,3.5 wt% NaCl,0.5989,,25.0,Potentiodynamic,,-672.7,23.493,182.4,388.8,276.6,Enhancing corrosion resistance of Epoxy-Based composite coatings on mild steel using functionalised aluminium oxide (Al2O3) nanoparticles,10.1038/s41598-026-35180-7,Bare steel; 1 day
Mild steel,,0.18,,,,0.65,,,,,0.2,0.35,0.2,,0.15,0.2,,,0.08,,,,,,3.5 wt% NaCl,0.5989,,25.0,Potentiodynamic,,-596.45,0.808,49.1,62.2,9.5,Enhancing corrosion resistance of Epoxy-Based composite coatings on mild steel using functionalised aluminium oxide (Al2O3) nanoparticles,10.1038/s41598-026-35180-7,Epoxy coating; 1 day
Mild steel,,0.18,,,,0.65,,,,,0.2,0.35,0.2,,0.15,0.2,,,0.08,,,,,,3.5 wt% NaCl,0.5989,,25.0,Potentiodynamic,,-537.76,0.209,52.2,66.2,0.9,Enhancing corrosion resistance of Epoxy-Based composite coatings on mild steel using functionalised aluminium oxide (Al2O3) nanoparticles,10.1038/s41598-026-35180-7,Epoxy-Al2O3 coating; 1 day
Mild steel,,0.18,,,,0.65,,,,,0.2,0.35,0.2,,0.15,0.2,,,0.08,,,,,,3.5 wt% NaCl,0.5989,,25.0,Potentiodynamic,,-511.62,0.009,119.5,128.8,0.1,Enhancing corrosion resistance of Epoxy-Based composite coatings on mild steel using functionalised aluminium oxide (Al2O3) nanoparticles,10.1038/s41598-026-35180-7,Epoxy-Al2O3F coating; 1 day
Mild steel,,0.18,,,,0.65,,,,,0.2,0.35,0.2,,0.15,0.2,,,0.08,,,,,,3.5 wt% NaCl,0.5989,,25.0,Potentiodynamic,,-703.56,34.67,62.7,250.7,408.4,Enhancing corrosion resistance of Epoxy-Based composite coatings on mild steel using functionalised aluminium oxide (Al2O3) nanoparticles,10.1038/s41598-026-35180-7,Bare steel; 7 day
Mild steel,,0.18,,,,0.65,,,,,0.2,0.35,0.2,,0.15,0.2,,,0.08,,,,,,3.5 wt% NaCl,0.5989,,25.0,Potentiodynamic,,-638.02,3.71,112.6,180.2,33.7,Enhancing corrosion resistance of Epoxy-Based composite coatings on mild steel using functionalised aluminium oxide (Al2O3) nanoparticles,10.1038/s41598-026-35180-7,Epoxy coating; 7 day
Mild steel,,0.18,,,,0.65,,,,,0.2,0.35,0.2,,0.15,0.2,,,0.08,,,,,,3.5 wt% NaCl,0.5989,,25.0,Potentiodynamic,,-578.36,0.852,103.6,139.8,6.2,Enhancing corrosion resistance of Epoxy-Based composite coatings on mild steel using functionalised aluminium oxide (Al2O3) nanoparticles,10.1038/s41598-026-35180-7,Epoxy-Al2O3 coating; 7 day
Mild steel,,0.18,,,,0.65,,,,,0.2,0.35,0.2,,0.15,0.2,,,0.08,,,,,,3.5 wt% NaCl,0.5989,,25.0,Potentiodynamic,,-566.86,0.123,49.6,67.9,2.0,Enhancing corrosion resistance of Epoxy-Based composite coatings on mild steel using functionalised aluminium oxide (Al2O3) nanoparticles,10.1038/s41598-026-35180-7,Epoxy-Al2O3F coating; 7 day
Ti,,,,,,,,,,,,,,,,,,,,,,,,,25 mM Na2SO4 + 0.01 M H2O2,,,25.0,Potentiodynamic,SCE,333.0,1.43,321.0,388.0,,Corrosion behavior of anodized nanoporous TiO2 films in oxidizing environments: a study on electrochemically engineered titanium surfaces,10.1039/d5na00883b,Bare Ti
Ti,,,,,,,,,,,,,,,,,,,,,,,,,25 mM Na2SO4 + 0.05 M H2O2,,,25.0,Potentiodynamic,SCE,387.0,6.66,479.0,653.0,,Corrosion behavior of anodized nanoporous TiO2 films in oxidizing environments: a study on electrochemically engineered titanium surfaces,10.1039/d5na00883b,Bare Ti
Ti,,,,,,,,,,,,,,,,,,,,,,,,,25 mM Na2SO4 + 0.10 M H2O2,,,25.0,Potentiodynamic,SCE,329.0,4.44,359.0,289.0,,Corrosion behavior of anodized nanoporous TiO2 films in oxidizing environments: a study on electrochemically engineered titanium surfaces,10.1039/d5na00883b,Bare Ti
Ti,,,,,,,,,,,,,,,,,,,,,,,,,25 mM Na2SO4 + 0.01 M H2O2,,,25.0,Potentiodynamic,SCE,-470.0,3.96,182.0,160.0,,Corrosion behavior of anodized nanoporous TiO2 films in oxidizing environments: a study on electrochemically engineered titanium surfaces,10.1039/d5na00883b,Anodized Ti
Ti,,,,,,,,,,,,,,,,,,,,,,,,,25 mM Na2SO4 + 0.05 M H2O2,,,25.0,Potentiodynamic,SCE,247.0,2.66,513.0,419.0,,Corrosion behavior of anodized nanoporous TiO2 films in oxidizing environments: a study on electrochemically engineered titanium surfaces,10.1039/d5na00883b,Anodized Ti
Ti,,,,,,,,,,,,,,,,,,,,,,,,,25 mM Na2SO4 + 0.10 M H2O2,,,25.0,Potentiodynamic,SCE,56.0,2.32,475.0,218.0,,Corrosion behavior of anodized nanoporous TiO2 films in oxidizing environments: a study on electrochemically engineered titanium surfaces,10.1039/d5na00883b,Anodized Ti
Al-6061,,,,1.0,97.93,0.6,,,,,0.2,,,,,0.27,,,,,,,,,0.50 M KSCN,,,25.0,Potentiodynamic,SCE,-1185.0,55.0,146.0,-205.0,6.4,Uniform and pitting corrosion events induced by SCN- anions on Al alloys surfaces and the effect of UV light,10.1016/j.electacta.2010.12.045,
Al,,,,,100.0,,,,,,,,,,,,,,,,,,,,0.50 M KSCN,,,25.0,Potentiodynamic,SCE,-1190.0,100.0,164.0,-232.0,10.9,Uniform and pitting corrosion events induced by SCN- anions on Al alloys surfaces and the effect of UV light,10.1016/j.electacta.2010.12.045,Pure Al
Al-4.5Cu,,,,,95.5,,,,,,,,,,,4.5,,,,,,,,,0.50 M KSCN,,,25.0,Potentiodynamic,SCE,-1240.0,340.0,132.0,-170.0,37.2,Uniform and pitting corrosion events induced by SCN- anions on Al alloys surfaces and the effect of UV light,10.1016/j.electacta.2010.12.045,Al-4.5%Cu alloy
Al-7.5Cu,,,,,92.5,,,,,,,,,,,7.5,,,,,,,,,0.50 M KSCN,,,25.0,Potentiodynamic,SCE,-1260.0,490.0,110.0,-103.0,53.6,Uniform and pitting corrosion events induced by SCN- anions on Al alloys surfaces and the effect of UV light,10.1016/j.electacta.2010.12.045,Al-7.5%Cu alloy
Al-6Si,,,,,94.0,6.0,,,,,,,,,,,,,,,,,,,0.50 M KSCN,,,25.0,Potentiodynamic,SCE,-1100.0,15.8,152.0,-115.0,1.71,Uniform and pitting corrosion events induced by SCN- anions on Al alloys surfaces and the effect of UV light,10.1016/j.electacta.2010.12.045,Al-6%Si alloy
Al-12Si,,,,,88.0,12.0,,,,,,,,,,,,,,,,,,,0.50 M KSCN,,,25.0,Potentiodynamic,SCE,-1040.0,5.7,149.0,-117.0,0.6,Uniform and pitting corrosion events induced by SCN- anions on Al alloys surfaces and the effect of UV light,10.1016/j.electacta.2010.12.045,Al-12%Si alloy
304L,,,,,,,,,,,,,,,,,,,,,,,,,3.5 wt% NaCl,0.5989,,25.0,Potentiodynamic,SCE,-244.47,0.102,,,1.19,Electrochemical corrosion behavior of novel Co-free CrFeNiNb(x) eutectic high-entropy alloys in 3.5 wt% NaCl solution,10.1038/s41598-025-21558-6,SS 304L reference
I8-10,,,,,,,,,,,35.8,,35.8,,17.9,,,10.5,,,,,,,3.5 wt% NaCl,0.5989,,25.0,Potentiodynamic,SCE,-222.24,0.0309,,,0.359,Electrochemical corrosion behavior of novel Co-free CrFeNiNb(x) eutectic high-entropy alloys in 3.5 wt% NaCl solution,10.1038/s41598-025-21558-6,
I8-11,,,,,,,,,,,30.5,,30.5,,27.9,,,11.1,,,,,,,3.5 wt% NaCl,0.5989,,25.0,Potentiodynamic,SCE,-193.12,0.0581,,,0.675,Electrochemical corrosion behavior of novel Co-free CrFeNiNb(x) eutectic high-entropy alloys in 3.5 wt% NaCl solution,10.1038/s41598-025-21558-6,
I8-10.S.P7,,,,,,,,,,,,,,,,,,,,,,,,,3.5 wt% NaCl,0.5989,,25.0,Potentiodynamic,SCE,-170.49,0.00476,,,0.0554,Electrochemical corrosion behavior of novel Co-free CrFeNiNb(x) eutectic high-entropy alloys in 3.5 wt% NaCl solution,10.1038/s41598-025-21558-6,coated I8-10
I8-11.S.P7,,,,,,,,,,,,,,,,,,,,,,,,,3.5 wt% NaCl,0.5989,,25.0,Potentiodynamic,SCE,-263.4,0.0725,,,0.843,Electrochemical corrosion behavior of novel Co-free CrFeNiNb(x) eutectic high-entropy alloys in 3.5 wt% NaCl solution,10.1038/s41598-025-21558-6,coated I8-11
A1,,,,,,,,,,,16.38,17.31,17.6,,18.49,,,,30.22,,,,,,3.5 wt% NaCl,0.5989,,25.0,Potentiodynamic,SCE,-479.0,0.1727,,,1.021,Anomalous breakdown of passivity and pitting corrosion resistance of a novel metastable dual-phase high-entropy alloy in 3.5 wt% NaCl solution,10.1038/s41524-024-01457-6,CR from Table 4
A2,,,,,,,,,,,13.31,3.51,28.59,,30.04,,,,24.55,,,,,,3.5 wt% NaCl,0.5989,,25.0,Potentiodynamic,SCE,-389.0,0.07442,,,0.4449,Anomalous breakdown of passivity and pitting corrosion resistance of a novel metastable dual-phase high-entropy alloy in 3.5 wt% NaCl solution,10.1038/s41524-024-01457-6,CR from Table 4
A3,,,,,,,,,,,12.52,,31.39,,32.98,,,,23.11,,,,,,3.5 wt% NaCl,0.5989,,25.0,Potentiodynamic,SCE,-436.0,0.09097,,,0.5441,Anomalous breakdown of passivity and pitting corrosion resistance of a novel metastable dual-phase high-entropy alloy in 3.5 wt% NaCl solution,10.1038/s41524-024-01457-6,CR from Table 4
316L,,0.03,,,,1.0,,,,,17.6,2.0,62.9,,13.6,,,,2.9,,,,,,0.9 wt% NaCl,0.154,6.3,25.0,Potentiodynamic,SCE,-408.0,0.265,,,3.0,PITTING CORROSION BEHAVIOUR OF AUSTENITIC STAINLESS STEEL COATED ON Ti6Al4V ALLOY IN CHLORIDE SOLUTIONS,10.2478/adms-2021-0007,316L; 0h
316L,,0.03,,,,1.0,,,,,17.6,2.0,62.9,,13.6,,,,2.9,,,,,,0.9 wt% NaCl,0.154,6.3,25.0,Potentiodynamic,SCE,-518.0,0.286,,,3.0,PITTING CORROSION BEHAVIOUR OF AUSTENITIC STAINLESS STEEL COATED ON Ti6Al4V ALLOY IN CHLORIDE SOLUTIONS,10.2478/adms-2021-0007,316L; 0.5h
316L,,0.03,,,,1.0,,,,,17.6,2.0,62.9,,13.6,,,,2.9,,,,,,0.9 wt% NaCl,0.154,6.3,25.0,Potentiodynamic,SCE,-553.0,0.295,,,3.0,PITTING CORROSION BEHAVIOUR OF AUSTENITIC STAINLESS STEEL COATED ON Ti6Al4V ALLOY IN CHLORIDE SOLUTIONS,10.2478/adms-2021-0007,316L; 1h
316L,,0.03,,,,1.0,,,,,17.6,2.0,62.9,,13.6,,,,2.9,,,,,,0.9 wt% NaCl,0.154,6.3,25.0,Potentiodynamic,SCE,-580.0,0.3,,,3.2,PITTING CORROSION BEHAVIOUR OF AUSTENITIC STAINLESS STEEL COATED ON Ti6Al4V ALLOY IN CHLORIDE SOLUTIONS,10.2478/adms-2021-0007,316L; 3h
316L,,0.03,,,,1.0,,,,,17.6,2.0,62.9,,13.6,,,,2.9,,,,,,0.9 wt% NaCl,0.154,6.3,25.0,Potentiodynamic,SCE,-590.0,0.302,,,3.2,PITTING CORROSION BEHAVIOUR OF AUSTENITIC STAINLESS STEEL COATED ON Ti6Al4V ALLOY IN CHLORIDE SOLUTIONS,10.2478/adms-2021-0007,316L; 5h
316L,,0.03,,,,1.0,,,,,17.6,2.0,62.9,,13.6,,,,2.9,,,,,,0.9 wt% NaCl,0.154,6.3,25.0,Potentiodynamic,SCE,-539.0,0.293,,,3.0,PITTING CORROSION BEHAVIOUR OF AUSTENITIC STAINLESS STEEL COATED ON Ti6Al4V ALLOY IN CHLORIDE SOLUTIONS,10.2478/adms-2021-0007,316L; 24h
Ti6Al4V,,,,,6.1,0.02,,,89.64,4.1,,,0.14,,,,,,,,,,,,0.9 wt% NaCl,0.154,6.3,25.0,Potentiodynamic,SCE,-256.0,1.089,,,18.0,PITTING CORROSION BEHAVIOUR OF AUSTENITIC STAINLESS STEEL COATED ON Ti6Al4V ALLOY IN CHLORIDE SOLUTIONS,10.2478/adms-2021-0007,0h
Ti6Al4V,,,,,6.1,0.02,,,89.64,4.1,,,0.14,,,,,,,,,,,,0.9 wt% NaCl,0.154,6.3,25.0,Potentiodynamic,SCE,-229.0,1.08,,,17.0,PITTING CORROSION BEHAVIOUR OF AUSTENITIC STAINLESS STEEL COATED ON Ti6Al4V ALLOY IN CHLORIDE SOLUTIONS,10.2478/adms-2021-0007,0.5h
Ti6Al4V,,,,,6.1,0.02,,,89.64,4.1,,,0.14,,,,,,,,,,,,0.9 wt% NaCl,0.154,6.3,25.0,Potentiodynamic,SCE,-205.0,1.1,,,18.0,PITTING CORROSION BEHAVIOUR OF AUSTENITIC STAINLESS STEEL COATED ON Ti6Al4V ALLOY IN CHLORIDE SOLUTIONS,10.2478/adms-2021-0007,1h
Ti6Al4V,,,,,6.1,0.02,,,89.64,4.1,,,0.14,,,,,,,,,,,,0.9 wt% NaCl,0.154,6.3,25.0,Potentiodynamic,SCE,-172.0,1.054,,,17.0,PITTING CORROSION BEHAVIOUR OF AUSTENITIC STAINLESS STEEL COATED ON Ti6Al4V ALLOY IN CHLORIDE SOLUTIONS,10.2478/adms-2021-0007,3h
Ti6Al4V,,,,,6.1,0.02,,,89.64,4.1,,,0.14,,,,,,,,,,,,0.9 wt% NaCl,0.154,6.3,25.0,Potentiodynamic,SCE,-156.0,1.024,,,16.6,PITTING CORROSION BEHAVIOUR OF AUSTENITIC STAINLESS STEEL COATED ON Ti6Al4V ALLOY IN CHLORIDE SOLUTIONS,10.2478/adms-2021-0007,5h
Ti6Al4V,,,,,6.1,0.02,,,89.64,4.1,,,0.14,,,,,,,,,,,,0.9 wt% NaCl,0.154,6.3,25.0,Potentiodynamic,SCE,-128.0,0.932,,,15.0,PITTING CORROSION BEHAVIOUR OF AUSTENITIC STAINLESS STEEL COATED ON Ti6Al4V ALLOY IN CHLORIDE SOLUTIONS,10.2478/adms-2021-0007,24h
316L,,0.03,,,,1.0,,,,,17.6,2.0,62.9,,13.6,,,,2.9,,,,,,0.9 wt% NaCl,0.154,6.3,25.0,Potentiodynamic,SCE,-220.0,0.811,,,13.0,PITTING CORROSION BEHAVIOUR OF AUSTENITIC STAINLESS STEEL COATED ON Ti6Al4V ALLOY IN CHLORIDE SOLUTIONS,10.2478/adms-2021-0007,316L coating on Ti6Al4V; 0h
316L,,0.03,,,,1.0,,,,,17.6,2.0,62.9,,13.6,,,,2.9,,,,,,0.9 wt% NaCl,0.154,6.3,25.0,Potentiodynamic,SCE,-294.0,0.668,,,11.0,PITTING CORROSION BEHAVIOUR OF AUSTENITIC STAINLESS STEEL COATED ON Ti6Al4V ALLOY IN CHLORIDE SOLUTIONS,10.2478/adms-2021-0007,316L coating on Ti6Al4V; 0.5h
316L,,0.03,,,,1.0,,,,,17.6,2.0,62.9,,13.6,,,,2.9,,,,,,0.9 wt% NaCl,0.154,6.3,25.0,Potentiodynamic,SCE,-332.0,0.613,,,13.0,PITTING CORROSION BEHAVIOUR OF AUSTENITIC STAINLESS STEEL COATED ON Ti6Al4V ALLOY IN CHLORIDE SOLUTIONS,10.2478/adms-2021-0007,316L coating on Ti6Al4V; 1h
316L,,0.03,,,,1.0,,,,,17.6,2.0,62.9,,13.6,,,,2.9,,,,,,0.9 wt% NaCl,0.154,6.3,25.0,Potentiodynamic,SCE,-332.0,0.634,,,15.0,PITTING CORROSION BEHAVIOUR OF AUSTENITIC STAINLESS STEEL COATED ON Ti6Al4V ALLOY IN CHLORIDE SOLUTIONS,10.2478/adms-2021-0007,316L coating on Ti6Al4V; 3h
316L,,0.03,,,,1.0,,,,,17.6,2.0,62.9,,13.6,,,,2.9,,,,,,0.9 wt% NaCl,0.154,6.3,25.0,Potentiodynamic,SCE,-346.0,0.618,,,12.0,PITTING CORROSION BEHAVIOUR OF AUSTENITIC STAINLESS STEEL COATED ON Ti6Al4V ALLOY IN CHLORIDE SOLUTIONS,10.2478/adms-2021-0007,316L coating on Ti6Al4V; 5h
316L,,0.03,,,,1.0,,,,,17.6,2.0,62.9,,13.6,,,,2.9,,,,,,0.9 wt% NaCl,0.154,6.3,25.0,Potentiodynamic,SCE,-347.0,0.671,,,11.0,PITTING CORROSION BEHAVIOUR OF AUSTENITIC STAINLESS STEEL COATED ON Ti6Al4V ALLOY IN CHLORIDE SOLUTIONS,10.2478/adms-2021-0007,316L coating on Ti6Al4V; 24h
316L,,0.03,,,,1.0,,,,,17.6,2.0,62.9,,13.6,,,,2.9,,,,,,3.5 wt% NaCl,0.5989,6.3,25.0,Potentiodynamic,SCE,-427.0,0.238,,,5.0,PITTING CORROSION BEHAVIOUR OF AUSTENITIC STAINLESS STEEL COATED ON Ti6Al4V ALLOY IN CHLORIDE SOLUTIONS,10.2478/adms-2021-0007,316L; 0h
316L,,0.03,,,,1.0,,,,,17.6,2.0,62.9,,13.6,,,,2.9,,,,,,3.5 wt% NaCl,0.5989,6.3,25.0,Potentiodynamic,SCE,-741.0,0.226,,,5.0,PITTING CORROSION BEHAVIOUR OF AUSTENITIC STAINLESS STEEL COATED ON Ti6Al4V ALLOY IN CHLORIDE SOLUTIONS,10.2478/adms-2021-0007,316L; 0.5h
316L,,0.03,,,,1.0,,,,,17.6,2.0,62.9,,13.6,,,,2.9,,,,,,3.5 wt% NaCl,0.5989,6.3,25.0,Potentiodynamic,SCE,-762.0,0.224,,,5.0,PITTING CORROSION BEHAVIOUR OF AUSTENITIC STAINLESS STEEL COATED ON Ti6Al4V ALLOY IN CHLORIDE SOLUTIONS,10.2478/adms-2021-0007,316L; 1h
316L,,0.03,,,,1.0,,,,,17.6,2.0,62.9,,13.6,,,,2.9,,,,,,3.5 wt% NaCl,0.5989,6.3,25.0,Potentiodynamic,SCE,-589.0,0.38,,,8.0,PITTING CORROSION BEHAVIOUR OF AUSTENITIC STAINLESS STEEL COATED ON Ti6Al4V ALLOY IN CHLORIDE SOLUTIONS,10.2478/adms-2021-0007,316L; 3h
316L,,0.03,,,,1.0,,,,,17.6,2.0,62.9,,13.6,,,,2.9,,,,,,3.5 wt% NaCl,0.5989,6.3,25.0,Potentiodynamic,SCE,-600.0,0.37,,,8.0,PITTING CORROSION BEHAVIOUR OF AUSTENITIC STAINLESS STEEL COATED ON Ti6Al4V ALLOY IN CHLORIDE SOLUTIONS,10.2478/adms-2021-0007,316L; 5h
316L,,0.03,,,,1.0,,,,,17.6,2.0,62.9,,13.6,,,,2.9,,,,,,3.5 wt% NaCl,0.5989,6.3,25.0,Potentiodynamic,SCE,-714.0,0.2,,,4.0,PITTING CORROSION BEHAVIOUR OF AUSTENITIC STAINLESS STEEL COATED ON Ti6Al4V ALLOY IN CHLORIDE SOLUTIONS,10.2478/adms-2021-0007,316L; 24h
Ti6Al4V,,,,,6.1,0.02,,,89.64,4.1,,,0.14,,,,,,,,,,,,3.5 wt% NaCl,0.5989,6.3,25.0,Potentiodynamic,SCE,-136.0,1.915,,,31.0,PITTING CORROSION BEHAVIOUR OF AUSTENITIC STAINLESS STEEL COATED ON Ti6Al4V ALLOY IN CHLORIDE SOLUTIONS,10.2478/adms-2021-0007,0h
Ti6Al4V,,,,,6.1,0.02,,,89.64,4.1,,,0.14,,,,,,,,,,,,3.5 wt% NaCl,0.5989,6.3,25.0,Potentiodynamic,SCE,-116.0,1.713,,,28.0,PITTING CORROSION BEHAVIOUR OF AUSTENITIC STAINLESS STEEL COATED ON Ti6Al4V ALLOY IN CHLORIDE SOLUTIONS,10.2478/adms-2021-0007,0.5h
Ti6Al4V,,,,,6.1,0.02,,,89.64,4.1,,,0.14,,,,,,,,,,,,3.5 wt% NaCl,0.5989,6.3,25.0,Potentiodynamic,SCE,-87.0,1.594,,,26.0,PITTING CORROSION BEHAVIOUR OF AUSTENITIC STAINLESS STEEL COATED ON Ti6Al4V ALLOY IN CHLORIDE SOLUTIONS,10.2478/adms-2021-0007,1h
Ti6Al4V,,,,,6.1,0.02,,,89.64,4.1,,,0.14,,,,,,,,,,,,3.5 wt% NaCl,0.5989,6.3,25.0,Potentiodynamic,SCE,-70.0,1.487,,,24.0,PITTING CORROSION BEHAVIOUR OF AUSTENITIC STAINLESS STEEL COATED ON Ti6Al4V ALLOY IN CHLORIDE SOLUTIONS,10.2478/adms-2021-0007,3h
Ti6Al4V,,,,,6.1,0.02,,,89.64,4.1,,,0.14,,,,,,,,,,,,3.5 wt% NaCl,0.5989,6.3,25.0,Potentiodynamic,SCE,-60.0,1.401,,,23.0,PITTING CORROSION BEHAVIOUR OF AUSTENITIC STAINLESS STEEL COATED ON Ti6Al4V ALLOY IN CHLORIDE SOLUTIONS,10.2478/adms-2021-0007,5h
Ti6Al4V,,,,,6.1,0.02,,,89.64,4.1,,,0.14,,,,,,,,,,,,3.5 wt% NaCl,0.5989,6.3,25.0,Potentiodynamic,SCE,-50.0,1.375,,,22.0,PITTING CORROSION BEHAVIOUR OF AUSTENITIC STAINLESS STEEL COATED ON Ti6Al4V ALLOY IN CHLORIDE SOLUTIONS,10.2478/adms-2021-0007,24h
316L,,0.03,,,,1.0,,,,,17.6,2.0,62.9,,13.6,,,,2.9,,,,,,3.5 wt% NaCl,0.5989,6.3,25.0,Potentiodynamic,SCE,-317.0,1.171,,,19.0,PITTING CORROSION BEHAVIOUR OF AUSTENITIC STAINLESS STEEL COATED ON Ti6Al4V ALLOY IN CHLORIDE SOLUTIONS,10.2478/adms-2021-0007,316L coating on Ti6Al4V; 0h
316L,,0.03,,,,1.0,,,,,17.6,2.0,62.9,,13.6,,,,2.9,,,,,,3.5 wt% NaCl,0.5989,6.3,25.0,Potentiodynamic,SCE,-405.0,1.109,,,18.0,PITTING CORROSION BEHAVIOUR OF AUSTENITIC STAINLESS STEEL COATED ON Ti6Al4V ALLOY IN CHLORIDE SOLUTIONS,10.2478/adms-2021-0007,316L coating on Ti6Al4V; 0.5h
316L,,0.03,,,,1.0,,,,,17.6,2.0,62.9,,13.6,,,,2.9,,,,,,3.5 wt% NaCl,0.5989,6.3,25.0,Potentiodynamic,SCE,-412.0,1.062,,,17.0,PITTING CORROSION BEHAVIOUR OF AUSTENITIC STAINLESS STEEL COATED ON Ti6Al4V ALLOY IN CHLORIDE SOLUTIONS,10.2478/adms-2021-0007,316L coating on Ti6Al4V; 1h
316L,,0.03,,,,1.0,,,,,17.6,2.0,62.9,,13.6,,,,2.9,,,,,,3.5 wt% NaCl,0.5989,6.3,25.0,Potentiodynamic,SCE,-406.0,1.029,,,17.0,PITTING CORROSION BEHAVIOUR OF AUSTENITIC STAINLESS STEEL COATED ON Ti6Al4V ALLOY IN CHLORIDE SOLUTIONS,10.2478/adms-2021-0007,316L coating on Ti6Al4V; 3h
316L,,0.03,,,,1.0,,,,,17.6,2.0,62.9,,13.6,,,,2.9,,,,,,3.5 wt% NaCl,0.5989,6.3,25.0,Potentiodynamic,SCE,-415.0,1.034,,,17.0,PITTING CORROSION BEHAVIOUR OF AUSTENITIC STAINLESS STEEL COATED ON Ti6Al4V ALLOY IN CHLORIDE SOLUTIONS,10.2478/adms-2021-0007,316L coating on Ti6Al4V; 5h
316L,,0.03,,,,1.0,,,,,17.6,2.0,62.9,,13.6,,,,2.9,,,,,,3.5 wt% NaCl,0.5989,6.3,25.0,Potentiodynamic,SCE,-450.0,0.951,,,15.0,PITTING CORROSION BEHAVIOUR OF AUSTENITIC STAINLESS STEEL COATED ON Ti6Al4V ALLOY IN CHLORIDE SOLUTIONS,10.2478/adms-2021-0007,316L coating on Ti6Al4V; 24h
